{"cameraMode":{"drawMode":0,"name":"Shaded","section":"Shading Mode"},"sceneLighting":false,"audioPlay":false,"sceneViewState":{"showFog":true,"showMaterialUpdate":false,"showSkybox":false,"showFlares":true,"showImageEffects":true,"showParticleSystems":true},"in2DMode":false,"pivot":{"x":7.988681793212891,"y":9.094797134399414,"z":111.95123291015625},"rotation":{"x":0.08831284195184708,"y":-0.7548863887786865,"z":0.10391688346862793,"w":0.6415244340896606},"size":9.235206604003907,"orthographic":false}