{"cameraMode":{"drawMode":0,"name":"Shaded","section":"Shading Mode"},"sceneLighting":false,"audioPlay":false,"sceneViewState":{"showFog":true,"showMaterialUpdate":false,"showSkybox":false,"showFlares":true,"showImageEffects":true,"showParticleSystems":true},"in2DMode":false,"pivot":{"x":0.720494270324707,"y":-1.47989022731781,"z":-2.147630453109741},"rotation":{"x":-0.04930499568581581,"y":0.8279592990875244,"z":-0.07371499389410019,"w":-0.5537442564964294},"size":8.85788631439209,"orthographic":false}