{"cameraMode":{"drawMode":0,"name":"Shaded","section":"Shading Mode"},"sceneLighting":true,"audioPlay":false,"sceneViewState":{"showFog":true,"showMaterialUpdate":false,"showSkybox":true,"showFlares":true,"showImageEffects":true,"showParticleSystems":true},"in2DMode":false,"pivot":{"x":8.506925582885743,"y":8.024686813354493,"z":29.731081008911134},"rotation":{"x":0.19725264608860017,"y":-0.5317756533622742,"z":0.1289517879486084,"w":0.8134384751319885},"size":187.47654724121095,"orthographic":false}