{"cameraMode":{"drawMode":0,"name":"Shaded","section":"Shading Mode"},"sceneLighting":true,"audioPlay":false,"sceneViewState":{"showFog":true,"showMaterialUpdate":false,"showSkybox":true,"showFlares":true,"showImageEffects":true,"showParticleSystems":true},"in2DMode":false,"pivot":{"x":1.6844899654388428,"y":7.067027568817139,"z":215.48989868164063},"rotation":{"x":-0.09687557816505432,"y":0.6813955307006836,"z":-0.09172528237104416,"w":-0.7196547389030457},"size":16.55876922607422,"orthographic":false}